symbol,date,close_price,ytd_pct_chg,company_name
MMM,2023-12-29,109.31999969482422,-0.10737324565042905,3M
AOS,2023-12-29,82.44000244140625,0.3991854209672654,A. O. Smith
ABT,2023-12-29,110.06999969482422,0.0044715993391293285,Abbott
ABBV,2023-12-29,154.97000122070312,-0.045633719911864046,AbbVie
ACN,2023-12-29,350.9100036621094,0.29841630645401707,Accenture
ADBE,2023-12-29,596.5999755859375,0.7707466217761552,Adobe Inc.
AMD,2023-12-29,147.41000366210938,1.3025618774079457,Advanced Micro Devices
AES,2023-12-29,19.25,-0.3151903385974616,AES Corporation
AFL,2023-12-29,82.5,0.15255655056728035,Aflac
A,2023-12-29,139.02999877929688,-0.07338039855706602,Agilent Technologies
APD,2023-12-29,273.79998779296875,-0.10689245114768664,Air Products and Chemicals
ABNB,2023-12-29,136.13999938964844,0.603533532895765,Airbnb
AKAM,2023-12-29,118.3499984741211,0.3928444953968633,Akamai
ALB,2023-12-29,144.47999572753906,-0.3264335863517992,Albemarle Corporation
ARE,2023-12-29,126.7699966430664,-0.1203247789455606,Alexandria Real Estate Equities
ALGN,2023-12-29,274,0.29074807601102415,Align Technology
ALLE,2023-12-29,126.69000244140625,0.17632317577771306,Allegion
LNT,2023-12-29,51.29999923706055,-0.07350550430443503,Alliant Energy
ALL,2023-12-29,139.97999572753906,0.024293809281890066,Allstate
GOOGL,2023-12-29,139.69000244140625,0.5674371424631011,Alphabet Inc. (Class A)
GOOG,2023-12-29,140.92999267578125,0.5711259472739927,Alphabet Inc. (Class C)
MO,2023-12-29,40.34000015258789,-0.1137961391275053,Altria
AMZN,2023-12-29,151.94000244140625,0.7704498133500892,Amazon
AMCR,2023-12-29,9.640000343322754,-0.19127514415923286,Amcor
AEE,2023-12-29,72.339996337890625,-0.18250651955876251,Ameren
AAL,2023-12-29,13.739999771118164,0.07849293704596616,American Airlines Group
AEP,2023-12-29,81.220001220703125,-0.14388111237164147,American Electric Power
AXP,2023-12-29,187.33999633789062,0.27338229034514394,American Express
AIG,2023-12-29,67.75,0.0765930346647048,American International Group
AMT,2023-12-29,215.8800048828125,0.005636589761904842,American Tower
AWK,2023-12-29,131.99000549316406,-0.14347825914750012,American Water Works
AMP,2023-12-29,379.8299865722656,0.22265493496030886,Ameriprise Financial
AME,2023-12-29,164.88999938964844,0.17342723011832084,Ametek
AMGN,2023-12-29,288.0199890136719,0.10078347308358881,Amgen
APH,2023-12-29,99.12999725341797,0.2975130271409714,Amphenol
ADI,2023-12-29,198.55999755859375,0.2222837875574506,Analog Devices
ANSS,2023-12-29,362.8800048828125,0.5206168530461086,Ansys
AON,2023-12-29,291.0199890136719,-0.02805431847357076,Aon
APA,2023-12-29,35.880001068115234,-0.17744149594904857,APA Corporation
AAPL,2023-12-29,192.52999877929688,0.5393779423449088,Apple Inc.
AMAT,2023-12-29,162.07000732421875,0.675488490641116,Applied Materials
APTV,2023-12-29,89.720001220703125,-0.034749820694858546,Aptiv
ACGL,2023-12-29,74.2699966430664,0.18908097553158099,Arch Capital Group
ADM,2023-12-29,72.220001220703125,-0.19442275525387842,Archer-Daniels-Midland
ANET,2023-12-29,235.50999450683594,0.9478123180360118,Arista Networks
AJG,2023-12-29,224.8800048828125,0.20089720965255742,Arthur J. Gallagher & Co.
AIZ,2023-12-29,168.49000549316406,0.3233585131717014,Assurant
T,2023-12-29,16.780000686645508,-0.1045890666174597,AT&T
ATO,2023-12-29,115.9000015258789,0.042266229376106246,Atmos Energy
ADSK,2023-12-29,243.47999572753906,0.3150418782280189,Autodesk
ADP,2023-12-29,232.97000122070312,-0.019734083855667217,Automated Data Processing
AZO,2023-12-29,2585.610107421875,0.06357311012609235,AutoZone
AVB,2023-12-29,187.22000122070312,0.15925697350280577,AvalonBay Communities
AVY,2023-12-29,202.16000366210938,0.10343319826322483,Avery Dennison
AXON,2023-12-29,258.3299865722656,0.5354848914502806,Axon Enterprise
BKR,2023-12-29,34.18000030517578,0.188869575832201,Baker Hughes
BALL,2023-12-29,57.52000045776367,0.10679236303057094,Ball Corporation
BAC,2023-12-29,33.66999816894531,0.004774689806811949,Bank of America
BK,2023-12-29,52.04999923706055,0.1241900668412419,Bank of New York Mellon
BBWI,2023-12-29,43.15999984741211,-6.94576991218554e-4,"Bath & Body Works, Inc."
BAX,2023-12-29,38.65999984741211,-0.24255487551037647,Baxter International
BDX,2023-12-29,243.8300018310547,-0.048208256685980055,Becton Dickinson
BRK-B,2023-12-29,356.6600036621094,0.15085024506330846,Berkshire Hathaway
BBY,2023-12-29,78.279998779296875,-0.026489302149058314,Best Buy
BIO,2023-12-29,322.8900146484375,-0.23563662560234344,Bio-Rad
TECH,2023-12-29,77.160003662109375,-0.06506719007167361,Bio-Techne
BIIB,2023-12-29,258.7699890136719,-0.05083818956427122,Biogen
BLK,2023-12-29,811.79998779296875,0.14010450655032458,BlackRock
BX,2023-12-29,130.9199981689453,0.7196900419311059,Blackstone
BA,2023-12-29,260.6600036621094,0.33404987192972424,Boeing
BKNG,2023-12-29,3547.219970703125,0.7454987618832061,Booking Holdings
BWA,2023-12-29,35.849998474121094,0.011313577670625907,BorgWarner
BXP,2023-12-29,70.16999816894531,0.053287230201223945,Boston Properties
BSX,2023-12-29,57.810001373291016,0.25646606133943894,Boston Scientific
BMY,2023-12-29,51.310001373291016,-0.28992527184600403,Bristol Myers Squibb
AVGO,2023-12-29,1116.25,1.0167847788363225,Broadcom Inc.
BR,2023-12-29,205.75,0.5290576971837917,Broadridge Financial Solutions
BRO,2023-12-29,71.11000061035156,0.25525152153556485,Brown & Brown
BF-B,2023-12-29,57.099998474121094,-0.12140328741335338,Brown–Forman
BLDR,2023-12-29,166.94000244140625,1.5545525071054942,Builders FirstSource
BG,2023-12-29,100.94999694824219,0.05629378749186431,Bunge Global SA
CDNS,2023-12-29,272.3699951171875,0.7061513164528916,Cadence Design Systems
CZR,2023-12-29,46.880001068115234,0.109323306438182,Caesars Entertainment
CPT,2023-12-29,99.29000091552734,-0.10290928223927553,Camden Property Trust
CPB,2023-12-29,43.22999954223633,-0.23078293673718353,Campbell Soup Company
COF,2023-12-29,131.1199951171875,0.41034735286191326,Capital One
CAH,2023-12-29,100.80000305175781,0.3136973627233546,Cardinal Health
KMX,2023-12-29,76.73999786376953,0.2655012967706172,CarMax
CCL,2023-12-29,18.540000915527344,1.32622351362465,Carnival
CARR,2023-12-29,57.45000076293945,0.3806777197846827,Carrier Global
CTLT,2023-12-29,44.93000030517578,-0.011441153994164233,Catalent
CAT,2023-12-29,295.6700134277344,0.2377344582389027,Caterpillar Inc.
CBOE,2023-12-29,178.27999877929688,0.41122454045173407,Cboe Global Markets
CBRE,2023-12-29,93.089996337890625,0.1867668720105886,CBRE Group
CDW,2023-12-29,227.32000732421875,0.2663362168147254,CDW
CE,2023-12-29,155.3699951171875,0.5192138478252419,Celanese
COR,2023-12-29,205.3800048828125,0.25010659976786287,Cencora
CNC,2023-12-29,74.20999908447266,-0.0693503753128325,Centene Corporation
CNP,2023-12-29,28.56999969482422,-0.033491197192300204,CenterPoint Energy
CDAY,2023-12-29,67.12000274658203,0.09014135259488021,Ceridian
CF,2023-12-29,79.5,-0.029896242092474434,CF Industries
CHRW,2023-12-29,86.38999938964844,-0.04308816395930759,CH Robinson
CRL,2023-12-29,236.39999389648438,0.08241758472086547,Charles River Laboratories
SCHW,2023-12-29,68.80000305175781,-0.16036122770492478,Charles Schwab Corporation
CHTR,2023-12-29,388.67999267578125,0.1378886584549679,Charter Communications
CVX,2023-12-29,149.16000366210938,-0.14270935713046018,Chevron Corporation
CMG,2023-12-29,2286.9599609375,0.6679380896000169,Chipotle Mexican Grill
CB,2023-12-29,226,0.02368979311648034,Chubb Limited
CHD,2023-12-29,94.55999755859375,0.15288955655654024,Church & Dwight
CI,2023-12-29,299.45001220703125,-0.06852680734863403,Cigna
CINF,2023-12-29,103.45999908447266,-0.005287982313830097,Cincinnati Financial
CTAS,2023-12-29,602.65997314453125,0.3422570352402283,Cintas
CSCO,2023-12-29,50.52000045776367,0.053817311325855544,Cisco
C,2023-12-29,51.439998626708984,0.12363477497451858,Citigroup
CFG,2023-12-29,33.13999938964844,-0.16164936976914568,Citizens Financial Group
CLX,2023-12-29,142.58999633789062,0.00231970929141867,Clorox
CME,2023-12-29,210.60000610351562,0.24652269847647834,CME Group
CMS,2023-12-29,58.06999969482422,-0.08881217461269564,CMS Energy
KO,2023-12-29,58.93000030517578,-0.06386021301099598,Coca-Cola Company (The)
CTSH,2023-12-29,75.529998779296875,0.31151239067852,Cognizant
CL,2023-12-29,79.70999908447266,0.007329733997047949,Colgate-Palmolive
CMCSA,2023-12-29,43.849998474121094,0.2327804006279397,Comcast
CMA,2023-12-29,55.810001373291016,-0.15503408335110258,Comerica
CAG,2023-12-29,28.65999984741211,-0.26191093237366314,Conagra Brands
COP,2023-12-29,116.06999969482422,0.02607847309596467,ConocoPhillips
ED,2023-12-29,90.970001220703125,-0.050020893991971405,Consolidated Edison
STZ,2023-12-29,241.75,0.06217044603262778,Constellation Brands
CEG,2023-12-29,116.88999938964844,0.42705401249689356,Constellation Energy
COO,2023-12-29,378.44000244140625,0.13754962959320838,CooperCompanies
CPRT,2023-12-29,49,0.5945330533654183,Copart
GLW,2023-12-29,30.450000762939453,-0.06422864455392774,Corning Inc.
CTVA,2023-12-29,47.91999816894531,-0.18683186966254717,Corteva
CSGP,2023-12-29,87.38999938964844,0.12543461265127487,CoStar Group
COST,2023-12-29,660.08001708984375,0.45623018634722134,Costco
CTRA,2023-12-29,25.520000457763672,0.0995261294446319,Coterra
CCI,2023-12-29,115.19000244140625,-0.1671606935528498,Crown Castle
CSX,2023-12-29,34.66999816894531,0.12273313183874524,CSX
CMI,2023-12-29,239.57000732421875,-0.006098514781192721,Cummins
CVS,2023-12-29,78.95999908447266,-0.1501453452565713,CVS Health
DHR,2023-12-29,231.33999633789062,-0.005027201938140102,Danaher Corporation
DRI,2023-12-29,164.3000030517578,0.1739067960153151,Darden Restaurants
DVA,2023-12-29,104.76000213623047,0.3997863076216064,DaVita Inc.
DE,2023-12-29,399.8699951171875,-0.05755500468059904,John Deere
DAL,2023-12-29,40.22999954223633,0.23367061604610662,Delta Air Lines
XRAY,2023-12-29,35.59000015258789,0.08871219479065662,Dentsply Sirona
DVN,2023-12-29,45.29999923706055,-0.22057811304933006,Devon Energy
DXCM,2023-12-29,124.08999633789062,0.08158278311765921,Dexcom
FANG,2023-12-29,155.0800018310547,0.18039272391093264,Diamondback Energy
DLR,2023-12-29,134.5800018310547,0.3087620289277433,Digital Realty
DFS,2023-12-29,112.4000015258789,0.15888240026310751,Discover Financial
DG,2023-12-29,135.9499969482422,-0.4489705079620673,Dollar General
DLTR,2023-12-29,142.0500030517578,0.012762074825510172,Dollar Tree
D,2023-12-29,47,-0.25361284597613354,Dominion Energy
DPZ,2023-12-29,412.2300109863281,0.21505003193700145,Domino's
DOV,2023-12-29,153.80999755859375,0.1387427942414483,Dover Corporation
DOW,2023-12-29,54.84000015258789,0.07445139437496584,Dow Inc.
DHI,2023-12-29,151.97999572753906,0.6760034761365614,DR Horton
DTE,2023-12-29,110.26000213623047,-0.06448327197321935,DTE Energy
DUK,2023-12-29,97.04000091552734,-0.06422368590848582,Duke Energy
DD,2023-12-29,76.93000030517578,0.11719430181955404,DuPont
EMN,2023-12-29,89.81999969482422,0.09363207961249764,Eastman Chemical Company
ETN,2023-12-29,240.82000732421875,0.526592756413431,Eaton Corporation
EBAY,2023-12-29,43.619998931884766,0.034875382035355784,eBay
ECL,2023-12-29,198.35000610351562,0.3473948580754398,Ecolab
EIX,2023-12-29,71.48999786376953,0.11216551371178363,Edison International
EW,2023-12-29,76.25,0.026659532064465807,Edwards Lifesciences
EA,2023-12-29,136.80999755859375,0.11408790031488025,Electronic Arts
ELV,2023-12-29,471.55999755859375,-0.06101157686911052,Elevance Health
LLY,2023-12-29,582.91998291015625,0.597084847548393,Eli Lilly and Company
EMR,2023-12-29,97.33000183105469,0.012693800987987114,Emerson Electric
ENPH,2023-12-29,132.13999938964844,-0.47834668720849516,Enphase
ETR,2023-12-29,101.19000244140625,-0.07275721627275156,Entergy
EOG,2023-12-29,120.94999694824219,-0.02812374516534233,EOG Resources
EPAM,2023-12-29,297.3399963378906,-0.10283029300906976,EPAM Systems
EQT,2023-12-29,38.65999984741211,0.21495915204865557,EQT
EFX,2023-12-29,247.2899932861328,0.24698702198847622,Equifax
EQIX,2023-12-29,805.3900146484375,0.21566467340374063,Equinix
EQR,2023-12-29,61.15999984741211,0.039428954602444666,Equity Residential
ESS,2023-12-29,247.94000244140625,0.17334724010233082,Essex Property Trust
EL,2023-12-29,146.25,-0.42400851525872874,Estée Lauder Companies (The)
ETSY,2023-12-29,81.05000305175781,-0.2862803381979794,Etsy
EG,2023-12-29,353.5799865722656,0.06059146137619642,Everest Re
EVRG,2023-12-29,52.20000076293945,-0.1705069043413594,Evergy
ES,2023-12-29,61.720001220703125,-0.267157440915223,Eversource
EXC,2023-12-29,35.900001525878906,-0.16821126847081103,Exelon
EXPE,2023-12-29,151.7899932861328,0.7311814867451887,Expedia Group
EXPD,2023-12-29,127.19999694824219,0.2116592958733321,Expeditors International
EXR,2023-12-29,160.3300018310547,0.11116507929357167,Extra Space Storage
XOM,2023-12-29,99.9800033569336,-0.061308784605456634,ExxonMobil
FFIV,2023-12-29,178.97999572753906,0.2356229767752498,"F5, Inc."
FDS,2023-12-29,477.04998779296875,0.17511576961829056,FactSet
FICO,2023-12-29,1164.010009765625,0.9689270876683878,Fair Isaac
FAST,2023-12-29,64.7699966430664,0.36645558139284096,Fastenal
FRT,2023-12-29,103.05000305175781,0.003798941902749764,Federal Realty
FDX,2023-12-29,252.97000122070312,0.42703218324456405,FedEx
FIS,2023-12-29,60.06999969482422,-0.12357748916785172,Fidelity National Information Services
FITB,2023-12-29,34.4900016784668,0.05667899275160759,Fifth Third Bank
FSLR,2023-12-29,172.27999877929688,0.18048510276314356,First Solar
FE,2023-12-29,36.65999984741211,-0.12776585981082444,FirstEnergy
FI,2023-12-29,132.83999633789062,0.31251850152689653,Fiserv
FLT,2023-12-29,282.6099853515625,0.5427151131894108,Fleetcor
FMC,2023-12-29,63.04999923706055,-0.49527697597473574,FMC Corporation
F,2023-12-29,12.1899995803833,0.04366432036662893,Ford Motor Company
FTNT,2023-12-29,58.529998779296875,0.20630664111899244,Fortinet
FTV,2023-12-29,73.62999725341797,0.14563561691676763,Fortive
FOXA,2023-12-29,29.670000076293945,-0.019821617852530893,Fox Corporation (Class A)
FOX,2023-12-29,27.649999618530273,-0.02434723113417514,Fox Corporation (Class B)
BEN,2023-12-29,29.790000915527344,0.09845132720023253,Franklin Templeton
FCX,2023-12-29,42.56999969482422,0.12262662843921324,Freeport-McMoRan
GRMN,2023-12-29,128.5399932861328,0.37373082938294533,Garmin
IT,2023-12-29,451.1099853515625,0.33666182229073627,Gartner
GEHC,2023-12-29,77.31999969482422,0.3807142802647181,GE HealthCare
GEN,2023-12-29,22.81999969482422,0.0555041077247882,Gen Digital
GNRC,2023-12-29,129.24000549316406,0.3226896602612077,Generac
GD,2023-12-29,259.6700134277344,0.04452939280946455,General Dynamics
GE,2023-12-29,127.62999725341797,0.9239117996577175,General Electric
GIS,2023-12-29,65.13999938964844,-0.21725548625150493,General Mills
GM,2023-12-29,35.91999816894531,0.06209339127943503,General Motors
GPC,2023-12-29,138.5,-0.18438253347121147,Genuine Parts Company
GILD,2023-12-29,81.01000213623047,-0.05129403073808836,Gilead Sciences
GPN,2023-12-29,127,0.2674651084630393,Global Payments
GL,2023-12-29,121.72000122070312,0.01781089512532774,Globe Life
GS,2023-12-29,385.7699890136719,0.11423368856080907,Goldman Sachs
HAL,2023-12-29,36.150001525878906,-0.04009554773370416,Halliburton
HIG,2023-12-29,80.37999725341797,0.06675512781893977,Hartford (The)
HAS,2023-12-29,51.060001373291016,-0.17578691292225446,Hasbro
HCA,2023-12-29,270.67999267578125,0.11294759756424044,HCA Healthcare
PEAK,2023-12-29,19.799999237060547,-0.22169815953606442,Healthpeak
HSIC,2023-12-29,75.70999908447266,-0.0488693400027278,Henry Schein
HSY,2023-12-29,186.44000244140625,-0.17842502772308166,Hershey's
HES,2023-12-29,144.16000366210938,0.07166219955006303,Hess Corporation
HPE,2023-12-29,16.979999542236328,0.05728518722836462,Hewlett Packard Enterprise
HLT,2023-12-29,182.08999633789062,0.45637045601604886,Hilton Worldwide
HOLX,2023-12-29,71.44999694824219,-0.05426877482330206,Hologic
HD,2023-12-29,346.54998779296875,0.09698959759321601,Home Depot (The)
HON,2023-12-29,209.7100067138672,-0.021418554701476356,Honeywell
HRL,2023-12-29,32.11000061035156,-0.29814206316171443,Hormel Foods
HST,2023-12-29,19.469999313354492,0.22222215570382242,Host Hotels & Resorts
HWM,2023-12-29,54.119998931884766,0.38556059982352386,Howmet Aerospace
HPQ,2023-12-29,30.09000015258789,0.1248598187883323,HP Inc.
HUBB,2023-12-29,328.92999267578125,0.4027463216779632,Hubbell Incorporated
HUM,2023-12-29,457.80999755859375,-0.0852764161293108,Humana
HBAN,2023-12-29,12.720000267028809,-0.09787234589401284,Huntington Bancshares
HII,2023-12-29,259.6400146484375,0.13702652817419891,Huntington Ingalls Industries
IBM,2023-12-29,163.5500030517578,0.15542210897696473,IBM
IEX,2023-12-29,217.11000061035156,-0.053945725680769385,IDEX Corporation
IDXX,2023-12-29,555.04998779296875,0.3670844916197489,Idexx Laboratories
ITW,2023-12-29,261.94000244140625,0.1889070158568953,Illinois Tool Works
ILMN,2023-12-29,139.24000549316406,-0.30681530901650356,Illumina
INCY,2023-12-29,62.790000915527344,-0.2106851224798303,Incyte
IR,2023-12-29,77.339996337890625,0.45924521392246453,Ingersoll Rand
PODD,2023-12-29,216.97999572753906,-0.24233538645155106,Insulet
INTC,2023-12-29,50.25,0.8799102454378831,Intel
ICE,2023-12-29,128.42999267578125,0.24411497141693217,Intercontinental Exchange
IFF,2023-12-29,80.970001220703125,-0.2335289503169261,International Flavors & Fragrances
IP,2023-12-29,36.150001525878906,0.02089809888889005,International Paper
IPG,2023-12-29,32.63999938964844,-0.03403378202782026,Interpublic Group of Companies (The)
INTU,2023-12-29,625.030029296875,0.5978067411410632,Intuit
ISRG,2023-12-29,337.3599853515625,0.2700371913948312,Intuitive Surgical
IVZ,2023-12-29,17.84000015258789,-0.020856156700734818,Invesco
INVH,2023-12-29,34.11000061035156,0.16575530907489222,Invitation Homes
IQV,2023-12-29,231.3800048828125,0.13499462469374457,IQVIA
IRM,2023-12-29,69.9800033569336,0.40889885115169,Iron Mountain
JBHT,2023-12-29,199.74000549316406,0.15724216935062807,J.B. Hunt
JBL,2023-12-29,127.4000015258789,0.8963977515204562,Jabil
JKHY,2023-12-29,163.41000366210938,-0.07206134015660837,Jack Henry & Associates
J,2023-12-29,129.8000030517578,0.07016243772771746,Jacobs Solutions
JNJ,2023-12-29,156.74000549316406,-0.12037710676442426,Johnson & Johnson
JCI,2023-12-29,57.63999938964844,-0.1096694270682772,Johnson Controls
JPM,2023-12-29,170.10000610351562,0.2588810853344874,JPMorgan Chase
JNPR,2023-12-29,29.479999542236328,-0.09375958658202177,Juniper Networks
K,2023-12-29,55.90999984741211,-0.1645271664164395,Kellanova
KVUE,2023-12-29,21.530000686645508,-0.19962821591215196,Kenvue
KDP,2023-12-29,33.31999969482422,-0.06272853980574977,Keurig Dr Pepper
KEY,2023-12-29,14.399999618530273,-0.1822828438707933,KeyCorp
KEYS,2023-12-29,159.08999633789062,-0.06932260403808932,Keysight
KMB,2023-12-29,121.51000213623047,-0.11377724749964968,Kimberly-Clark
KIM,2023-12-29,21.309999465942383,0.003295654217445154,Kimco Realty
KMI,2023-12-29,17.639999389648438,-0.020544188480355774,Kinder Morgan
KLAC,2023-12-29,581.29998779296875,0.543752507336619,KLA Corporation
KHC,2023-12-29,36.97999954223633,-0.09318291689085889,Kraft Heinz
KR,2023-12-29,45.709999084472656,0.027883917916158074,Kroger
LHX,2023-12-29,210.6199951171875,0.01783212957044733,L3Harris
LH,2023-12-29,227.2899932861328,0.1126484640322758,LabCorp
LRCX,2023-12-29,783.260009765625,0.8905624736755495,Lam Research
LW,2023-12-29,108.08999633789062,0.23885382622224216,Lamb Weston
LVS,2023-12-29,49.209999084472656,-0.0024326523845066284,Las Vegas Sands
LDOS,2023-12-29,108.23999786376953,0.03371214602388761,Leidos
LEN,2023-12-29,149.0399932861328,0.6203521183596254,Lennar
LIN,2023-12-29,410.7099914550781,0.29012088450072304,Linde plc
LYV,2023-12-29,93.5999984741211,0.3592796637305058,Live Nation Entertainment
LKQ,2023-12-29,47.790000915527344,-0.11269958459037976,LKQ Corporation
LMT,2023-12-29,453.239990234375,-0.050865932207430076,Lockheed Martin
L,2023-12-29,69.589996337890625,0.1877452834383868,Loews Corporation
LOW,2023-12-29,222.5500030517578,0.11811701446265555,Lowe's
LULU,2023-12-29,511.2900085449219,0.5810810836316389,Lululemon Athletica
LYB,2023-12-29,95.08000183105469,0.13203957910884778,LyondellBasell
MTB,2023-12-29,137.0800018310547,-0.054425048790864405,M&T Bank
MRO,2023-12-29,24.15999984741211,-0.05772229241291804,Marathon Oil
MPC,2023-12-29,148.36000061035156,0.33754059736261754,Marathon Petroleum
MKTX,2023-12-29,292.8500061035156,0.028012816804540597,MarketAxess
MAR,2023-12-29,225.50999450683594,0.5262943790648795,Marriott International
MMC,2023-12-29,189.47000122070312,0.1415231118075433,Marsh McLennan
MLM,2023-12-29,498.9100036621094,0.47523581436606466,Martin Marietta Materials
MAS,2023-12-29,66.9800033569336,0.4124843092212065,Masco
MA,2023-12-29,426.510009765625,0.22984436210603687,Mastercard
MTCH,2023-12-29,36.5,-0.11105701950261593,Match Group
MKC,2023-12-29,68.41999816894531,-0.18030433487072894,McCormick & Company
MCD,2023-12-29,296.510009765625,0.12174185611953492,McDonald's
MCK,2023-12-29,462.9800109863281,0.23682319769738336,McKesson
MDT,2023-12-29,82.37999725341797,0.052644965560001644,Medtronic
MRK,2023-12-29,109.0199966430664,-0.01907506530704095,Merck & Co.
META,2023-12-29,353.9599914550781,1.8375821510085584,Meta Platforms
MET,2023-12-29,66.12999725341797,-0.08343734088905974,MetLife
MTD,2023-12-29,1212.9599609375,-0.1702682420537226,Mettler Toledo
MGM,2023-12-29,44.68000030517578,0.3425481353373945,MGM Resorts
MCHP,2023-12-29,90.18000030517578,0.30506515624525576,Microchip Technology
MU,2023-12-29,85.339996337890625,0.6942624210355,Micron Technology
MSFT,2023-12-29,376.0400085449219,0.5695801221760366,Microsoft
MAA,2023-12-29,134.4600067138672,-0.13486032493897027,Mid-America Apartment Communities
MRNA,2023-12-29,99.44999694824219,-0.4443824018317025,Moderna
MHK,2023-12-29,103.5,-0.03144301507729996,Mohawk Industries
MOH,2023-12-29,361.30999755859375,0.13291729068757463,Molina Healthcare
TAP,2023-12-29,61.209999084472656,0.23806635891379568,Molson Coors Beverage Company
MDLZ,2023-12-29,72.43000030517578,0.09328302347435136,Mondelez International
MPWR,2023-12-29,630.780029296875,0.8392768824748933,Monolithic Power Systems
MNST,2023-12-29,57.61000061035156,0.13718911930266198,Monster Beverage
MCO,2023-12-29,390.55999755859375,0.4126668203933408,Moody's Corporation
MS,2023-12-29,93.25,0.08784412823221266,Morgan Stanley
MOS,2023-12-29,35.72999954223633,-0.1618578783250303,Mosaic Company (The)
MSI,2023-12-29,313.0899963378906,0.2163558809710091,Motorola Solutions
MSCI,2023-12-29,565.6500244140625,0.22658083945309504,MSCI
NDAQ,2023-12-29,58.13999938964844,-0.05861397393566026,"Nasdaq, Inc."
NTAP,2023-12-29,88.160003662109375,0.45023856447403054,NetApp
NFLX,2023-12-29,486.8800048828125,0.6507204093318084,Netflix
NEM,2023-12-29,41.38999938964844,-0.16518761877649635,Newmont
NWSA,2023-12-29,24.549999237060547,0.34153006888342974,News Corp (Class A)
NWS,2023-12-29,25.719999313354492,0.3910221542311627,News Corp (Class B)
NEE,2023-12-29,60.7400016784668,-0.2754383830161654,NextEra Energy
NKE,2023-12-29,108.56999969482422,-0.08572631835937505,"Nike, Inc."
NI,2023-12-29,26.549999237060547,-0.03243444896775527,NiSource
NDSN,2023-12-29,264.1600036621094,0.10977609972195324,Nordson Corporation
NSC,2023-12-29,236.3800048828125,-0.045700412615649055,Norfolk Southern Railway
NTRS,2023-12-29,84.37999725341797,-0.06014704387726211,Northern Trust
NOC,2023-12-29,468.1400146484375,-0.1336035388709541,Northrop Grumman
NCLH,2023-12-29,20.040000915527344,0.6897134481993608,Norwegian Cruise Line Holdings
NRG,2023-12-29,51.70000076293945,0.6191669360729382,NRG Energy
NUE,2023-12-29,174.0399932861328,0.32794137439475946,Nucor
NVDA,2023-12-29,495.2200012207031,2.459448287359412,Nvidia
NVR,2023-12-29,7000.4501953125,0.5253785884282323,"NVR, Inc."
NXPI,2023-12-29,229.67999267578125,0.48132852728233044,NXP Semiconductors
ORLY,2023-12-29,950.08001708984375,0.13007903962987455,O'Reilly Auto Parts
OXY,2023-12-29,59.709999084472656,-0.02194922472291272,Occidental Petroleum
ODFL,2023-12-29,405.3299865722656,0.43469489711983056,Old Dominion
OMC,2023-12-29,86.51000213623047,0.048224929308153586,Omnicom Group
ON,2023-12-29,83.529998779296875,0.35578636506720573,ON Semiconductor
OKE,2023-12-29,70.220001220703125,0.09821712118978465,ONEOK
ORCL,2023-12-29,105.43000030517578,0.2593167554697071,Oracle Corporation
OTIS,2023-12-29,89.470001220703125,0.13081392966165195,Otis Worldwide
PCAR,2023-12-29,97.6500015258789,0.4881133410340375,Paccar
PKG,2023-12-29,162.91000366210938,0.2622811618150511,Packaging Corporation of America
PANW,2023-12-29,294.8800048828125,1.1298664599685742,Palo Alto Networks
PARA,2023-12-29,14.789999961853027,-0.13356764931065046,Paramount Global
PH,2023-12-29,460.70001220703125,0.5790375541086599,Parker Hannifin
PAYX,2023-12-29,119.11000061035156,0.028494975574869352,Paychex
PAYC,2023-12-29,206.72000122070312,-0.3214063030323431,Paycom
PYPL,2023-12-29,61.40999984741211,-0.17658892008981775,PayPal
PNR,2023-12-29,72.70999908447266,0.6086282711766966,Pentair
PEP,2023-12-29,169.83999633789062,-0.053341548012241,PepsiCo
PFE,2023-12-29,28.790000915527344,-0.4383534557504405,Pfizer
PCG,2023-12-29,18.030000686645508,0.1498724703910892,PG&E Corporation
PM,2023-12-29,94.08000183105469,-0.07127345511543737,Philip Morris International
PSX,2023-12-29,133.13999938964844,0.31782639808297763,Phillips 66
PNW,2023-12-29,71.839996337890625,-0.037384443497344044,Pinnacle West
PXD,2023-12-29,224.8800048828125,0.021021588571225935,Pioneer Natural Resources
PNC,2023-12-29,154.85000610351562,-0.029275313715318996,PNC Financial Services
POOL,2023-12-29,398.7099914550781,0.32536651680931983,Pool Corporation
PPG,2023-12-29,149.5500030517578,0.17904452356944045,PPG Industries
PPL,2023-12-29,27.100000381469727,-0.07191781940413644,PPL Corporation
PFG,2023-12-29,78.66999816894531,-0.06088096787029318,Principal Financial Group
PG,2023-12-29,146.5399932861328,-0.03318607768703463,Procter & Gamble
PGR,2023-12-29,159.27999877929688,0.2239127057500685,Progressive Corporation
PLD,2023-12-29,133.3000030517578,0.1828911186781439,Prologis
PRU,2023-12-29,103.70999908447266,0.042521065388004375,Prudential Financial
PEG,2023-12-29,61.150001525878906,-0.014504395201412001,Public Service Enterprise Group
PTC,2023-12-29,174.9600067138672,0.4622649768711067,PTC
PSA,2023-12-29,305,0.11240793693018847,Public Storage
PHM,2023-12-29,103.22000122070312,1.2341991237260705,PulteGroup
QRVO,2023-12-29,112.61000061035156,0.26329371080777264,Qorvo
PWR,2023-12-29,215.8000030517578,0.5347414985778105,Quanta Services
QCOM,2023-12-29,144.6300048828125,0.34916053171757166,Qualcomm
DGX,2023-12-29,137.8800048828125,-0.11484880849304357,Quest Diagnostics
RL,2023-12-29,144.1999969482422,0.3216020176115877,Ralph Lauren Corporation
RJF,2023-12-29,111.5,0.0507963373729603,Raymond James
RTX,2023-12-29,84.13999938964844,-0.16536056514887043,RTX Corporation
O,2023-12-29,57.41999816894531,-0.10000001793744817,Realty Income
REG,2023-12-29,67,0.06636953760017605,Regency Centers
REGN,2023-12-29,878.28997802734375,0.2190514715973495,Regeneron
RF,2023-12-29,19.3799991607666,-0.09734514296364671,Regions Financial Corporation
RSG,2023-12-29,164.91000366210938,0.2815512359999297,Republic Services
RMD,2023-12-29,172.02000427246094,-0.1773707437694616,ResMed
RVTY,2023-12-29,109.30999755859375,-0.2255207734781185,Revvity
RHI,2023-12-29,87.91999816894531,0.19472757907553184,Robert Half
ROK,2023-12-29,310.4800109863281,0.18766733623535536,Rockwell Automation
ROL,2023-12-29,43.66999816894531,0.19480161642972926,"Rollins, Inc."
ROP,2023-12-29,545.16998291015625,0.25482206332576696,Roper Technologies
ROST,2023-12-29,138.38999938964844,0.19476817061178098,Ross Stores
RCL,2023-12-29,129.49000549316406,1.658386531040641,Royal Caribbean Group
SPGI,2023-12-29,440.5199890136719,0.31431802179598,S&P Global
CRM,2023-12-29,263.1400146484375,0.952366946369624,Salesforce
SBAC,2023-12-29,253.69000244140625,-0.09955983802524593,SBA Communications
SLB,2023-12-29,52.040000915527344,0.010485454670433825,Schlumberger
STX,2023-12-29,85.37000274658203,0.6455281609284567,Seagate Technology
SRE,2023-12-29,74.7300033569336,-0.02764946857306061,Sempra Energy
NOW,2023-12-29,706.489990234375,0.8326588592331388,ServiceNow
SHW,2023-12-29,311.8999938964844,0.30300371917452984,Sherwin-Williams
SPG,2023-12-29,142.63999938964844,0.21354431069096003,Simon Property Group
SWKS,2023-12-29,112.41999816894531,0.2422099245187328,Skyworks Solutions
SJM,2023-12-29,126.37999725341797,-0.20510728418805035,J.M. Smucker Company (The)
SNA,2023-12-29,288.8399963378906,0.2592204646845986,Snap-on
SO,2023-12-29,70.12000274658203,-0.02475658889459409,Southern Company
LUV,2023-12-29,28.8799991607666,-0.1141104137261707,Southwest Airlines
SWK,2023-12-29,98.0999984741211,0.28757048603016755,Stanley Black & Decker
SBUX,2023-12-29,96.01000213623047,-0.047803229269997916,Starbucks
STT,2023-12-29,77.45999908447266,-0.011989826825398286,State Street Corporation
STLD,2023-12-29,118.0999984741211,0.2409372779903869,Steel Dynamics
STE,2023-12-29,219.85000610351562,0.18466431692170748,Steris
SYK,2023-12-29,299.4599914550781,0.21716860927886694,Stryker Corporation
SYF,2023-12-29,38.189998626708984,0.1790675932804795,Synchrony Financial
SNPS,2023-12-29,514.90997314453125,0.6107044073501084,Synopsys
SYY,2023-12-29,73.12999725341797,-0.037636540212552805,Sysco
TMUS,2023-12-29,160.3300018310547,0.15312147276293953,T-Mobile US
TROW,2023-12-29,107.69000244140625,-0.013376079377575567,T. Rowe Price
TTWO,2023-12-29,160.9499969482422,0.5609542817914004,Take-Two Interactive
TPR,2023-12-29,36.810001373291016,-0.05202164209397886,"Tapestry, Inc."
TRGP,2023-12-29,86.87000274658203,0.2295824610104471,Targa Resources
TGT,2023-12-29,142.4199981689453,-0.06135897858530015,Target Corporation
TEL,2023-12-29,140.5,0.22536190051099503,TE Connectivity
TDY,2023-12-29,446.2900085449219,0.1135814077378361,Teledyne Technologies
TFX,2023-12-29,249.33999633789062,-0.00204126377092706,Teleflex
TER,2023-12-29,108.5199966430664,0.26288835398188604,Teradyne
TSLA,2023-12-29,248.47999572753906,1.2986123888523888,"Tesla, Inc."
TXN,2023-12-29,170.4600067138672,0.04442129588726984,Texas Instruments
TXT,2023-12-29,80.41999816894531,0.1446056892087071,Textron
TMO,2023-12-29,530.78997802734375,-0.04047509842164576,Thermo Fisher Scientific
TJX,2023-12-29,93.80999755859375,0.18731799800289672,TJX Companies
TSCO,2023-12-29,215.02999877929688,-0.036517582955225114,Tractor Supply
TT,2023-12-29,243.89999389648438,0.421908678553097,Trane Technologies
TDG,2023-12-29,1011.5999755859375,0.6165682982762644,TransDigm Group
TRV,2023-12-29,190.49000549316406,0.018009889182960093,Travelers Companies (The)
TRMB,2023-12-29,53.20000076293945,0.051383445992554844,Trimble Inc.
TFC,2023-12-29,36.91999816894531,-0.15379332420125902,Truist
TYL,2023-12-29,418.1199951171875,0.309366525847911,Tyler Technologies
TSN,2023-12-29,53.75,-0.154874193560383,Tyson Foods
USB,2023-12-29,43.279998779296875,-0.030465963910092042,U.S. Bank
UBER,2023-12-29,61.56999969482422,1.4278390462535042,Uber
UDR,2023-12-29,38.290000915527344,-0.007774014922889982,"UDR, Inc."
ULTA,2023-12-29,489.989990234375,0.03892878985959447,Ulta Beauty
UNP,2023-12-29,245.6199951171875,0.18325461485009908,Union Pacific Corporation
UAL,2023-12-29,41.2599983215332,0.10884169139231625,United Airlines Holdings
UPS,2023-12-29,157.22999572753906,-0.10297811032327431,United Parcel Service
URI,2023-12-29,573.41998291015625,0.6075243100735217,United Rentals
UNH,2023-12-29,526.469970703125,0.015097092074538576,UnitedHealth Group
UHS,2023-12-29,152.44000244140625,0.06892926014293255,Universal Health Services
VLO,2023-12-29,130,0.08297233429281259,Valero Energy
VTR,2023-12-29,49.84000015258789,0.09852328247602693,Ventas
VLTO,2023-12-29,82.26000213623047,0.05732646413272713,Veralto
VRSN,2023-12-29,205.9600067138672,0.0200079664300592,Verisign
VRSK,2023-12-29,238.86000061035156,0.34690428297542786,Verisk
VZ,2023-12-29,37.70000076293945,-0.060318998837810445,Verizon
VRTX,2023-12-29,406.8900146484375,0.4225929315345438,Vertex Pharmaceuticals
VFC,2023-12-29,18.799999237060547,-0.3222783203973061,VF Corporation
VTRS,2023-12-29,10.829999923706055,-0.04833042049243286,Viatris
VICI,2023-12-29,31.8799991607666,0.004094461756428469,Vici Properties
V,2023-12-29,260.3500061035156,0.2553643226275577,Visa Inc.
VMC,2023-12-29,227.00999450683594,0.2890970280454974,Vulcan Materials Company
WRB,2023-12-29,70.720001220703125,-0.025626902224129333,Berkley
WAB,2023-12-29,126.9000015258789,0.2720529150810016,Wabtec
WBA,2023-12-29,26.110000610351562,-0.2979295086179441,Walgreens Boots Alliance
WMT,2023-12-29,157.64999389648438,0.09784113646095993,Walmart
DIS,2023-12-29,90.29000091552734,0.014836458095013105,Walt Disney
WBD,2023-12-29,11.380000114440918,0.19287213416618232,Warner Bros. Discovery
WM,2023-12-29,179.10000610351562,0.140546440143821,Waste Management
WAT,2023-12-29,329.2300109863281,-0.04733929085021027,Waters Corporation
WEC,2023-12-29,84.16999816894531,-0.10609606100922564,WEC Energy Group
WFC,2023-12-29,49.220001220703125,0.17779373396508147,Wells Fargo
WELL,2023-12-29,90.16999816894531,0.34682602358673864,Welltower
WST,2023-12-29,352.1199951171875,0.5021543006532749,West Pharmaceutical Services
WDC,2023-12-29,52.369998931884766,0.6673033806525015,Western Digital
WRK,2023-12-29,41.52000045776367,0.17023678110077678,WestRock
WY,2023-12-29,34.77000045776367,0.12670122391703886,Weyerhaeuser
WHR,2023-12-29,121.7699966430664,-0.15278647281184787,Whirlpool Corporation
WMB,2023-12-29,34.83000183105469,0.08335925903513663,Williams Companies
WTW,2023-12-29,241.1999969482422,-0.01623295475337616,Willis Towers Watson
GWW,2023-12-29,828.69000244140625,0.4906373344830468,W. W. Grainger
WYNN,2023-12-29,91.11000061035156,0.06424483075327725,Wynn Resorts
XEL,2023-12-29,61.90999984741211,-0.11645497192737753,Xcel Energy
XYL,2023-12-29,114.36000061035156,0.03250269415572271,Xylem Inc.
YUM,2023-12-29,130.66000366210938,0.0291430734429583,Yum! Brands
ZBRA,2023-12-29,273.3299865722656,0.0504610828180414,Zebra Technologies
ZBH,2023-12-29,121.69999694824219,-0.04384036678638248,Zimmer Biomet
ZION,2023-12-29,43.869998931884766,-0.09471729755064318,Zions Bancorporation
ZTS,2023-12-29,197.3699951171875,0.3440244256991041,Zoetis
MMM,2023-12-28,109.69000244140624,-0.1043520752177184,3M
AOS,2023-12-28,82.23999786376953,0.3957909100396982,A. O. Smith
ABT,2023-12-28,110.4000015258789,0.0074831144471823,Abbott
ABBV,2023-12-28,154.75,-0.04698857404468593,AbbVie
ACN,2023-12-28,351.5899963378906,0.30093237487409485,Accenture
ADBE,2023-12-28,595.52001953125,0.7675412436102804,Adobe Inc.
AMD,2023-12-28,148.75999450683594,1.3236488957696184,Advanced Micro Devices
AES,2023-12-28,19.350000381469727,-0.3116328722403495,AES Corporation
AFL,2023-12-28,82.11000061035156,0.14710810994598875,Aflac
A,2023-12-28,139.77000427246094,-0.06844834359654073,Agilent Technologies
APD,2023-12-28,274.2300109863281,-0.10548975948481765,Air Products and Chemicals
ABNB,2023-12-28,137,0.6136631040959424,Airbnb
AKAM,2023-12-28,119.0199966430664,0.4007296096644861,Akamai
ALB,2023-12-28,149.42999267578125,-0.3033566775021853,Albemarle Corporation
ARE,2023-12-28,128.89999389648438,-0.10554442196549851,Alexandria Real Estate Equities
ALGN,2023-12-28,276.6700134277344,0.30332586686785534,Align Technology
ALLE,2023-12-28,126.86000061035156,0.17790161750252587,Allegion
LNT,2023-12-28,51.31999969482422,-0.07314428960063346,Alliant Energy
ALL,2023-12-28,139.82000732421875,0.02312310535218809,Allstate
GOOGL,2023-12-28,140.22999572753906,0.5734963129017321,Alphabet Inc. (Class A)
GOOG,2023-12-28,141.27999877929688,0.57502791065664,Alphabet Inc. (Class C)
MO,2023-12-28,40.18000030517578,-0.11731107422862797,Altria
AMZN,2023-12-28,153.3800048828125,0.7872291473809316,Amazon
AMCR,2023-12-28,9.710000038146973,-0.18540268657733816,Amcor
AEE,2023-12-28,72.30000305175781,-0.18295847217598804,Ameren
AAL,2023-12-28,13.979999542236328,0.09733122397139038,American Airlines Group
AEP,2023-12-28,81.33000183105469,-0.14272162457605875,American Electric Power
AXP,2023-12-28,187.8000030517578,0.2765090353773252,American Express
AIG,2023-12-28,67.87000274658203,0.07849995896154405,American International Group
AMT,2023-12-28,217.16000366210935,0.01159922445801875,American Tower
AWK,2023-12-28,132.97999572753906,-0.13705392303352237,American Water Works
AMP,2023-12-28,381.1499938964844,0.22690397670581275,Ameriprise Financial
AME,2023-12-28,165.1199951171875,0.17506397734680168,Ametek
AMGN,2023-12-28,288.4599914550781,0.10246511822660498,Amgen
APH,2023-12-28,99.44000244140624,0.3015706865885732,Amphenol
ADI,2023-12-28,200.2400054931641,0.23262548017752227,Analog Devices
ANSS,2023-12-28,361.8599853515625,0.5163425506078803,Ansys
AON,2023-12-28,289.30999755859375,-0.03376533102581236,Aon
APA,2023-12-28,36.099998474121094,-0.17239799729263183,APA Corporation
AAPL,2023-12-28,193.5800018310547,0.5477732653985576,Apple Inc.
AMAT,2023-12-28,163.1199951171875,0.6863433211645296,Applied Materials
APTV,2023-12-28,90.470001220703125,-0.02668096620723947,Aptiv
ACGL,2023-12-28,74.05999755859375,0.18571883836298064,Arch Capital Group
ADM,2023-12-28,72.2699966430664,-0.1938650818404669,Archer-Daniels-Midland
ANET,2023-12-28,236.97000122070312,0.9598874703778086,Arista Networks
AJG,2023-12-28,223.4600067138672,0.1933141795842024,Arthur J. Gallagher & Co.
AIZ,2023-12-28,168.05999755859375,0.319981133847157,Assurant
T,2023-12-28,16.739999771118164,-0.10672358721595998,AT&T
ATO,2023-12-28,116.08000183105467,0.0438849372008876,Atmos Energy
ADSK,2023-12-28,244.91000366210935,0.3227653887962656,Autodesk
ADP,2023-12-28,232.4900054931641,-0.02175375784431821,Automated Data Processing
AZO,2023-12-28,2567.64990234375,0.05618530207312555,AutoZone
AVB,2023-12-28,189.6000061035156,0.17399384584220212,AvalonBay Communities
AVY,2023-12-28,202.77999877929688,0.1068172662424145,Avery Dennison
AXON,2023-12-28,258.5899963378906,0.5370303607627833,Axon Enterprise
BKR,2023-12-28,34.20000076293945,0.18956524392832885,Baker Hughes
BALL,2023-12-28,57.95000076293945,0.1150663729415904,Ball Corporation
BAC,2023-12-28,33.880001068115234,0.01104156267129008,Bank of America
BK,2023-12-28,52.220001220703125,0.12786181600849678,Bank of New York Mellon
BBWI,2023-12-28,43.130001068115234,-0.00138915398243721,"Bath & Body Works, Inc."
BAX,2023-12-28,38.79999923706055,-0.23981194080941237,Baxter International
BDX,2023-12-28,243.02999877929688,-0.05133107296605666,Becton Dickinson
BRK-B,2023-12-28,357.57000732421875,0.1537865932010134,Berkshire Hathaway
BBY,2023-12-28,78.45999908447266,-0.02425077090943594,Best Buy
BIO,2023-12-28,324.6199951171875,-0.23154131869055936,Bio-Rad
TECH,2023-12-28,78.220001220703125,-0.05222340509321488,Bio-Techne
BIIB,2023-12-28,260.5799865722656,-0.04419916404918989,Biogen
BLK,2023-12-28,814.40997314453125,0.14377001049968618,BlackRock
BX,2023-12-28,133.1300048828125,0.7487194231684466,Blackstone
BA,2023-12-28,260.3500061035156,0.33246331397096407,Boeing
BKNG,2023-12-28,3550.469970703125,0.7470980060865466,Booking Holdings
BWA,2023-12-28,35.9900016784668,0.01526300995789387,BorgWarner
BXP,2023-12-28,71.94999694824219,0.08000591386846811,Boston Properties
BSX,2023-12-28,56.279998779296875,0.22321236323447535,Boston Scientific
BMY,2023-12-28,51.220001220703125,-0.29117077627344945,Bristol Myers Squibb
AVGO,2023-12-28,1122.4100341796875,1.027914421094513,Broadcom Inc.
BR,2023-12-28,205.8300018310547,0.5296522411233444,Broadridge Financial Solutions
BRO,2023-12-28,70.91999816894531,0.25189755090381727,Brown & Brown
BF-B,2023-12-28,57.349998474121094,-0.11755654163373296,Brown–Forman
BLDR,2023-12-28,168.66000366210938,1.580872342772885,Builders FirstSource
BG,2023-12-28,101.62000274658205,0.06330441635530804,Bunge Global SA
CDNS,2023-12-28,273.239990234375,0.71160104785175,Cadence Design Systems
CZR,2023-12-28,47.81999969482422,0.1315665308594669,Caesars Entertainment
CPT,2023-12-28,100.43000030517578,-0.09260932392246002,Camden Property Trust
CPB,2023-12-28,42.9900016784668,-0.2350533613014444,Campbell Soup Company
COF,2023-12-28,132.02000427246094,0.4200279933207307,Capital One
CAH,2023-12-28,100.27999877929688,0.3069202970422551,Cardinal Health
KMX,2023-12-28,77.839996337890625,0.28364111347894094,CarMax
CCL,2023-12-28,18.670000076293945,1.3425345756307725,Carnival
CARR,2023-12-28,57.63999938964844,0.38524389675949666,Carrier Global
CTLT,2023-12-28,45.540000915527344,0.00198020134383103,Catalent
CAT,2023-12-28,296.8800048828125,0.24279972712012077,Caterpillar Inc.
CBOE,2023-12-28,177.83999633789062,0.4077415796741772,Cboe Global Markets
CBRE,2023-12-28,93.81999969482422,0.19607339080473185,CBRE Group
CDW,2023-12-28,228.6999969482422,0.27402375325421247,CDW
CE,2023-12-28,157.3300018310547,0.5383788696126957,Celanese
COR,2023-12-28,203.4900054931641,0.23860255529233143,Cencora
CNC,2023-12-28,73.88999938964844,-0.07336341398096635,Centene Corporation
CNP,2023-12-28,28.559999465942383,-0.03382949993460427,CenterPoint Energy
CDAY,2023-12-28,67.98999786376953,0.10427153160250868,Ceridian
CF,2023-12-28,79.660003662109375,-0.02794378732654645,CF Industries
CHRW,2023-12-28,86.88999938964844,-0.03754983867396588,CH Robinson
CRL,2023-12-28,238.77999877929688,0.09331504328004736,Charles River Laboratories
SCHW,2023-12-28,69.55000305175781,-0.15120818916875545,Charles Schwab Corporation
CHTR,2023-12-28,392.3900146484375,0.14875001485317507,Charter Communications
CVX,2023-12-28,149.77000427246094,-0.13920340511544327,Chevron Corporation
CMG,2023-12-28,2278.3798828125,0.6616804203093989,Chipotle Mexican Grill
CB,2023-12-28,224.42999267578125,0.01657828659913129,Chubb Limited
CHD,2023-12-28,93.98999786376952,0.14594003548663892,Church & Dwight
CI,2023-12-28,299.3999938964844,-0.06868239497099793,Cigna
CINF,2023-12-28,103.38999938964844,-0.00596099157627127,Cincinnati Financial
CTAS,2023-12-28,601.09002685546875,0.33876041766921516,Cintas
CSCO,2023-12-28,50.47999954223633,0.05298291590088255,Cisco
C,2023-12-28,51.52000045776367,0.12538230300396158,Citigroup
CFG,2023-12-28,33.56999969482422,-0.15077154739488885,Citizens Financial Group
CLX,2023-12-28,142.05999755859375,-0.00140585516634883,Clorox
CME,2023-12-28,211.02000427246097,0.24900863027009645,CME Group
CMS,2023-12-28,58,-0.08991055363869627,CMS Energy
KO,2023-12-28,58.75,-0.0667196300561782,Coca-Cola Company (The)
CTSH,2023-12-28,75.839996337890625,0.3168952272434167,Cognizant
CL,2023-12-28,79.23999786376953,0.00139012528964554,Colgate-Palmolive
CMCSA,2023-12-28,44.119998931884766,0.24037107985425865,Comcast
CMA,2023-12-28,56.56999969482422,-0.14352767477550177,Comerica
CAG,2023-12-28,28.56999969482422,-0.2642287317129336,Conagra Brands
COP,2023-12-28,116.5,0.02987974868591569,ConocoPhillips
ED,2023-12-28,90.6500015258789,-0.05336257828275681,Consolidated Edison
STZ,2023-12-28,242.16000366210935,0.06397186804982624,Constellation Brands
CEG,2023-12-28,117.11000061035156,0.4297399020203596,Constellation Energy
COO,2023-12-28,379.5400085449219,0.1408561287146859,CooperCompanies
CPRT,2023-12-28,48.90999984741211,0.5916043142203302,Copart
GLW,2023-12-28,30.6299991607666,-0.05869704059686531,Corning Inc.
CTVA,2023-12-28,48.09000015258789,-0.1839470574656661,Corteva
CSGP,2023-12-28,88.01000213623047,0.13341919390560242,CoStar Group
COST,2023-12-28,663.0999755859375,0.4628926433367788,Costco
CTRA,2023-12-28,25.649999618530273,0.1051271275443506,Coterra
CCI,2023-12-28,116.11000061035156,-0.16050898228696275,Crown Castle
CSX,2023-12-28,34.7400016784668,0.12500008492890036,CSX
CMI,2023-12-28,240.5800018310547,-0.00190836154949636,Cummins
CVS,2023-12-28,78.970001220703125,-0.1500376912275515,CVS Health
DHR,2023-12-28,233.1300048828125,0.00267146599083423,Danaher Corporation
DRI,2023-12-28,164.27000427246094,0.17369245779112363,Darden Restaurants
DVA,2023-12-28,104.44000244140624,0.3955105231416143,DaVita Inc.
DE,2023-12-28,399.260009765625,-0.05899266604258679,John Deere
DAL,2023-12-28,40.630001068115234,0.2459368386278975,Delta Air Lines
XRAY,2023-12-28,35.59000015258789,0.08871219479065662,Dentsply Sirona
DVN,2023-12-28,45.7599983215332,-0.21266346933070637,Devon Energy
DXCM,2023-12-28,124.16000366210938,0.08219297506545309,Dexcom
FANG,2023-12-28,155.3300018310547,0.1822956009904624,Diamondback Energy
DLR,2023-12-28,136.1199951171875,0.3237381376383408,Digital Realty
DFS,2023-12-28,112.56999969482422,0.1606351394392036,Discover Financial
DG,2023-12-28,135.5500030517578,-0.4505917542919364,Dollar General
DLTR,2023-12-28,142.2899932861328,0.01447311320975375,Dollar Tree
D,2023-12-28,47.060001373291016,-0.25265998950276747,Dominion Energy
DPZ,2023-12-28,411.2099914550781,0.2120435192353758,Domino's
DOV,2023-12-28,154.16000366210938,0.1413340882707399,Dover Corporation
DOW,2023-12-28,55.22999954223633,0.08209244811032734,Dow Inc.
DHI,2023-12-28,151.97999572753906,0.6760034761365614,DR Horton
DTE,2023-12-28,110.41000366210938,-0.06321056261379199,DTE Energy
DUK,2023-12-28,96.91999816894533,-0.06538089661353463,Duke Energy
DD,2023-12-28,77.04000091552734,0.11879175475851068,DuPont
EMN,2023-12-28,90.470001220703125,0.10154638069147226,Eastman Chemical Company
ETN,2023-12-28,240.75,0.5261489698890649,Eaton Corporation
EBAY,2023-12-28,43.470001220703125,0.03131671760471422,eBay
ECL,2023-12-28,198.8699951171875,0.3509271520089805,Ecolab
EIX,2023-12-28,71.5999984741211,0.11387678646288069,Edison International
EW,2023-12-28,76.70999908447266,0.03285313789810229,Edwards Lifesciences
EA,2023-12-28,136.75999450683594,0.11368070934977316,Electronic Arts
ELV,2023-12-28,468.6700134277344,-0.06676622454058045,Elevance Health
LLY,2023-12-28,580.8499755859375,0.5914134390725345,Eli Lilly and Company
EMR,2023-12-28,97.089996337890625,0.01019660515363174,Emerson Electric
ENPH,2023-12-28,134.7899932861328,-0.4678852213286441,Enphase
ETR,2023-12-28,100.91000366210938,-0.07532295242544906,Entergy
EOG,2023-12-28,121.33000183105467,-0.02507027074082679,EOG Resources
EPAM,2023-12-28,298.7900085449219,-0.0984551432043419,EPAM Systems
EQT,2023-12-28,39.02000045776367,0.22627281055915893,EQT
EFX,2023-12-28,249.61000061035156,0.25868591439319855,Equifax
EQIX,2023-12-28,814.09002685546875,0.2287965688902842,Equinix
EQR,2023-12-28,62.5,0.06220258052210647,Equity Residential
ESS,2023-12-28,252.75,0.1961099944166884,Essex Property Trust
EL,2023-12-28,147.5500030517578,-0.4188885789308644,Estée Lauder Companies (The)
ETSY,2023-12-28,81.91999816894531,-0.27861923273926714,Etsy
EG,2023-12-28,352.6099853515625,0.05768186510018669,Everest Re
EVRG,2023-12-28,52.2400016784668,-0.16987126290907972,Evergy
ES,2023-12-28,61.959999084472656,-0.2643077869103435,Eversource
EXC,2023-12-28,35.849998474121094,-0.16936981925706207,Exelon
EXPE,2023-12-28,153.27999877929688,0.7481751624748649,Expedia Group
EXPD,2023-12-28,127.58000183105467,0.2152790793621977,Expeditors International
EXR,2023-12-28,162.16000366210938,0.1238478841740578,Extra Space Storage
XOM,2023-12-28,100.19000244140624,-0.05933714738584539,ExxonMobil
FFIV,2023-12-28,179.6999969482422,0.24059364429588892,"F5, Inc."
FDS,2023-12-28,476.7900085449219,0.1744753635351317,FactSet
FICO,2023-12-28,1169.3399658203125,0.9779427273657382,Fair Isaac
FAST,2023-12-28,64.839996337890625,0.3679323681559383,Fastenal
FRT,2023-12-28,105.33000183105467,0.02600816358562796,Federal Realty
FDX,2023-12-28,253.5800018310547,0.43047326518538687,FedEx
FIS,2023-12-28,60.79999923706055,-0.11292678107789966,Fidelity National Information Services
FITB,2023-12-28,34.79999923706055,0.06617646715082781,Fifth Third Bank
FSLR,2023-12-28,173.22000122070312,0.18692612253620844,First Solar
FE,2023-12-28,36.59000015258789,-0.12943132963850135,FirstEnergy
FI,2023-12-28,133.3800048828125,0.31785402716474564,Fiserv
FLT,2023-12-28,282.4599914550781,0.5418963245301753,Fleetcor
FMC,2023-12-28,63.310001373291016,-0.4931956267909259,FMC Corporation
F,2023-12-28,12.34000015258789,0.0565068347746227,Ford Motor Company
FTNT,2023-12-28,59.400001525878906,0.22423744776313836,Fortinet
FTV,2023-12-28,73.58000183105469,0.14485772015350906,Fortive
FOXA,2023-12-28,29.739999771118164,-0.01750910732178645,Fox Corporation (Class A)
FOX,2023-12-28,27.700000762939453,-0.02258290000714746,Fox Corporation (Class B)
BEN,2023-12-28,30.059999465942383,0.10840702565376792,Franklin Templeton
FCX,2023-12-28,43.02000045776367,0.1344937377395503,Freeport-McMoRan
GRMN,2023-12-28,128.75999450683594,0.3760820233705551,Garmin
IT,2023-12-28,452.2699890136719,0.34009897211939877,Gartner
GEHC,2023-12-28,77.54000091552734,0.3846428734915597,GE HealthCare
GEN,2023-12-28,22.979999542236328,0.06290465542142654,Gen Digital
GNRC,2023-12-28,130.92999267578125,0.3399856094829057,Generac
GD,2023-12-28,258.1400146484375,0.03837493286685389,General Dynamics
GE,2023-12-28,128.32000732421875,0.9343131045677256,General Electric
GIS,2023-12-28,64.970001220703125,-0.21929824239728368,General Mills
GM,2023-12-28,36.20000076293945,0.07037259283238462,General Motors
GPC,2023-12-28,138.38999938964844,-0.185030319890934,Genuine Parts Company
GILD,2023-12-28,81.13999938964844,-0.04977163637871174,Gilead Sciences
GPN,2023-12-28,127.94000244140624,0.2768463706390434,Global Payments
GL,2023-12-28,121.70999908447266,0.01772725822812271,Globe Life
GS,2023-12-28,386.4100036621094,0.11608226647710772,Goldman Sachs
HAL,2023-12-28,36.209999084472656,-0.03850241021812151,Halliburton
HIG,2023-12-28,80.41999816894531,0.06728599598532847,Hartford (The)
HAS,2023-12-28,51.470001220703125,-0.16916867495029653,Hasbro
HCA,2023-12-28,270.4800109863281,0.11212533826596904,HCA Healthcare
PEAK,2023-12-28,20.18000030517578,-0.2067610109457367,Healthpeak
HSIC,2023-12-28,76.05999755859375,-0.04447237416315075,Henry Schein
HSY,2023-12-28,184.11000061035156,-0.1886925194881901,Hershey's
HES,2023-12-28,144.74000549316406,0.07597383954882453,Hess Corporation
HPE,2023-12-28,17.170000076293945,0.06911585599398573,Hewlett Packard Enterprise
HLT,2023-12-28,181.7400054931641,0.45357120105209137,Hilton Worldwide
HOLX,2023-12-28,71.26000213623047,-0.05678359685291279,Hologic
HD,2023-12-28,347.3599853515625,0.09955361123382268,Home Depot (The)
HON,2023-12-28,209.1699981689453,-0.02393842655043498,Honeywell
HRL,2023-12-28,31.940000534057617,-0.3018579118238772,Hormel Foods
HST,2023-12-28,19.670000076293945,0.23477713116571697,Host Hotels & Resorts
HWM,2023-12-28,54.11000061035156,0.385304626418975,Howmet Aerospace
HPQ,2023-12-28,30.18000030517578,0.12822431047386096,HP Inc.
HUBB,2023-12-28,328.1000061035156,0.3992067824531673,Hubbell Incorporated
HUM,2023-12-28,455.6099853515625,-0.08967213282686348,Humana
HBAN,2023-12-28,12.8100004196167,-0.0914893565214615,Huntington Bancshares
HII,2023-12-28,258.4700012207031,0.13190275591029987,Huntington Ingalls Industries
IBM,2023-12-28,163.75,0.15683501568081737,IBM
IEX,2023-12-28,217.05999755859375,-0.05416361339073905,IDEX Corporation
IDXX,2023-12-28,557.02001953125,0.3719366669132065,Idexx Laboratories
ITW,2023-12-28,261.8800048828125,0.1886346957924472,Illinois Tool Works
ILMN,2023-12-28,142.1300048828125,-0.29242789695945437,Illumina
INCY,2023-12-28,62.72999954223633,-0.21143938232884596,Incyte
IR,2023-12-28,77.779998779296875,0.4675471467791863,Ingersoll Rand
PODD,2023-12-28,219.42999267578125,-0.23378033055913727,Insulet
INTC,2023-12-28,50.38999938964844,0.8851477834867418,Intel
ICE,2023-12-28,128.60000610351562,0.24576190953768884,Intercontinental Exchange
IFF,2023-12-28,81.8499984741211,-0.22519879830535572,International Flavors & Fragrances
IP,2023-12-28,36.25,0.02372211680902558,International Paper
IPG,2023-12-28,32.939998626708984,-0.02515543846664303,Interpublic Group of Companies (The)
INTU,2023-12-28,628.02001953125,0.6054502563779305,Intuit
ISRG,2023-12-28,338.3900146484375,0.2739148756847871,Intuitive Surgical
IVZ,2023-12-28,18.06999969482422,-0.00823269067964949,Invesco
INVH,2023-12-28,34.70000076293945,0.1859193606118952,Invitation Homes
IQV,2023-12-28,232.72999572753903,0.1416167714644927,IQVIA
IRM,2023-12-28,70.5999984741211,0.4213811370394138,Iron Mountain
JBHT,2023-12-28,201.86000061035156,0.16952487527310667,J.B. Hunt
JBL,2023-12-28,127.9800033569336,0.9050313006186989,Jabil
JKHY,2023-12-28,163.8800048828125,-0.06939239521388729,Jack Henry & Associates
J,2023-12-28,130.0399932861328,0.07214108586493806,Jacobs Solutions
JNJ,2023-12-28,156.5800018310547,-0.1212750452565795,Johnson & Johnson
JCI,2023-12-28,57.70000076293945,-0.10874262176597747,Johnson Controls
JPM,2023-12-28,170.3000030517578,0.26036122858100486,JPMorgan Chase
JNPR,2023-12-28,29.510000228881836,-0.09283733980147156,Juniper Networks
K,2023-12-28,55.619998931884766,-0.16886070044074108,Kellanova
KVUE,2023-12-28,21.469999313354492,-0.20185875026686928,Kenvue
KDP,2023-12-28,33.349998474121094,-0.06188469226874049,Keurig Dr Pepper
KEY,2023-12-28,14.539999961853027,-0.174332796257481,KeyCorp
KEYS,2023-12-28,159.92999267578125,-0.06440862061762831,Keysight
KMB,2023-12-28,120.81999969482422,-0.11880972097594378,Kimberly-Clark
KIM,2023-12-28,21.799999237060547,0.02636532353940324,Kimco Realty
KMI,2023-12-28,17.690000534057617,-0.01776788954788843,Kinder Morgan
KLAC,2023-12-28,586.27001953125,0.5569513704342159,KLA Corporation
KHC,2023-12-28,36.7400016784668,-0.09906810254445364,Kraft Heinz
KR,2023-12-28,45.16999816894531,0.0157408798971721,Kroger
LHX,2023-12-28,210.9199981689453,0.01928190999076484,L3Harris
LH,2023-12-28,227.05999755859375,0.11152257023783084,LabCorp
LRCX,2023-12-28,789.6699829101564,0.906034289590095,Lam Research
LW,2023-12-28,108.12999725341795,0.2393122894374553,Lamb Weston
LVS,2023-12-28,49.09000015258789,-0.00486522743884654,Las Vegas Sands
LDOS,2023-12-28,107.94000244140624,0.03084713384753112,Leidos
LEN,2023-12-28,149.17999267578125,0.6218741816835978,Lennar
LIN,2023-12-28,409.7699890136719,0.28716815190017564,Linde plc
LYV,2023-12-28,94.0500030517578,0.3658147286978022,Live Nation Entertainment
LKQ,2023-12-28,47.88999938964844,-0.11084294751299584,LKQ Corporation
LMT,2023-12-28,451.2300109863281,-0.05507504839528199,Lockheed Martin
L,2023-12-28,69.470001220703125,0.18569723570199836,Loews Corporation
LOW,2023-12-28,222.8999938964844,0.11987540903928418,Lowe's
LULU,2023-12-28,509.2200012207031,0.5746799230992525,Lululemon Athletica
LYB,2023-12-28,95.69000244140624,0.1393023559378337,LyondellBasell
MTB,2023-12-28,138.38999938964844,-0.04538871335896077,M&T Bank
MRO,2023-12-28,24.3799991607666,-0.04914197577518398,Marathon Oil
MPC,2023-12-28,146.8800048828125,0.3241976857869715,Marathon Petroleum
MKTX,2023-12-28,296.4200134277344,0.04054487488510516,MarketAxess
MAR,2023-12-28,224.0800018310547,0.5166159176382721,Marriott International
MMC,2023-12-28,188.7899932861328,0.13742618475564372,Marsh McLennan
MLM,2023-12-28,498.239990234375,0.4732546398106447,Martin Marietta Materials
MAS,2023-12-28,67.16999816894531,0.4164909481783572,Masco
MA,2023-12-28,426.3200073242187,0.22929648884163625,Mastercard
MTCH,2023-12-28,36.72999954223633,-0.10545547214402427,Match Group
MKC,2023-12-28,68.2300033569336,-0.1825805396057613,McCormick & Company
MCD,2023-12-28,295.8399963378906,0.11920709479176116,McDonald's
MCK,2023-12-28,457.5,0.22218367860219,McKesson
MDT,2023-12-28,82.7300033569336,0.05711731534228703,Medtronic
MRK,2023-12-28,108.7699966430664,-0.02132448047145452,Merck & Co.
META,2023-12-28,358.32000732421875,1.872534980444248,Meta Platforms
MET,2023-12-28,66.29000091552734,-0.08121968796147128,MetLife
MTD,2023-12-28,1225.260009765625,-0.16185432777324038,Mettler Toledo
MGM,2023-12-28,45.04999923706055,0.3536658921119211,MGM Resorts
MCHP,2023-12-28,90.839996337890625,0.3146164738615944,Microchip Technology
MU,2023-12-28,86,0.7073655315398677,Micron Technology
MSFT,2023-12-28,375.2799987792969,0.5664078633905936,Microsoft
MAA,2023-12-28,136.5500030517578,-0.12141291558037048,Mid-America Apartment Communities
MRNA,2023-12-28,98.79000091552734,-0.44806973638927394,Moderna
MHK,2023-12-28,104.87000274658205,-0.01862247662739358,Mohawk Industries
MOH,2023-12-28,356.4200134277344,0.11758434222096036,Molina Healthcare
TAP,2023-12-28,61.25,0.23887543894289065,Molson Coors Beverage Company
MDLZ,2023-12-28,72.26000213623047,0.09071701337706362,Mondelez International
MPWR,2023-12-28,632.219970703125,0.8434755742812685,Monolithic Power Systems
MNST,2023-12-28,57.41999816894531,0.1334385776133895,Monster Beverage
MCO,2023-12-28,390.6300048828125,0.4129200389122023,Moody's Corporation
MS,2023-12-28,93.63999938964844,0.09239381773401643,Morgan Stanley
MOS,2023-12-28,36.11000061035156,-0.15294394310114745,Mosaic Company (The)
MSI,2023-12-28,311.07000732421875,0.20850821561914357,Motorola Solutions
MSCI,2023-12-28,570.5999755859375,0.2373145352041728,MSCI
NDAQ,2023-12-28,58.2400016784668,-0.05699476584731589,"Nasdaq, Inc."
NTAP,2023-12-28,88.20999908447266,0.4510609928604481,NetApp
NFLX,2023-12-28,490.510009765625,0.6630275960840657,Netflix
NEM,2023-12-28,41.70000076293945,-0.15893507013102923,Newmont
NWSA,2023-12-28,24.6299991607666,0.3459016495960694,News Corp (Class A)
NWS,2023-12-28,25.81999969482422,0.3964305037556406,News Corp (Class B)
NEE,2023-12-28,61.02000045776367,-0.2720983046053219,NextEra Energy
NKE,2023-12-28,108.81999969482422,-0.08362105520148022,"Nike, Inc."
NI,2023-12-28,26.549999237060547,-0.03243444896775527,NiSource
NDSN,2023-12-28,264.5199890136719,0.11128845259095566,Nordson Corporation
NSC,2023-12-28,236.52999877929688,-0.04509486599339496,Norfolk Southern Railway
NTRS,2023-12-28,84.95999908447266,-0.05368678726174925,Northern Trust
NOC,2023-12-28,465.6799926757813,-0.1381563526974109,Northrop Grumman
NCLH,2023-12-28,20.469999313354492,0.7259696379358467,Norwegian Cruise Line Holdings
NRG,2023-12-28,51.86000061035156,0.6241778927244537,NRG Energy
NUE,2023-12-28,175.19000244140625,0.3367160514640102,Nucor
NVDA,2023-12-28,495.2200012207031,2.459448287359412,Nvidia
NVR,2023-12-28,6981.7099609375,0.5212951435839432,"NVR, Inc."
NXPI,2023-12-28,231.07000732421875,0.4902934716298226,NXP Semiconductors
ORLY,2023-12-28,941.2100219726564,0.11952856452962311,O'Reilly Auto Parts
OXY,2023-12-28,59.970001220703125,-0.01769038541939582,Occidental Petroleum
ODFL,2023-12-28,411.05999755859375,0.4549766867600349,Old Dominion
OMC,2023-12-28,86.7300033569336,0.05089064146079103,Omnicom Group
ON,2023-12-28,84.9800033569336,0.3793215795335581,ON Semiconductor
OKE,2023-12-28,70.5199966430664,0.10290894835285204,ONEOK
ORCL,2023-12-28,106.25,0.2691113049545135,Oracle Corporation
OTIS,2023-12-28,89.66999816894531,0.1333416968671559,Otis Worldwide
PCAR,2023-12-28,97.83000183105467,0.49085641170824834,Paccar
PKG,2023-12-28,163.3300018310547,0.2655354480144183,Packaging Corporation of America
PANW,2023-12-28,295.5799865722656,1.13492230471312,Palo Alto Networks
PARA,2023-12-28,15.149999618530272,-0.11247803811479308,Paramount Global
PH,2023-12-28,461.9599914550781,0.5833561008795456,Parker Hannifin
PAYX,2023-12-28,119.5,0.03186255521281134,Paychex
PAYC,2023-12-28,207.55999755859375,-0.3186488716420446,Paycom
PYPL,2023-12-28,63.08000183105469,-0.1541968318269934,PayPal
PNR,2023-12-28,73,0.6150442205269699,Pentair
PEP,2023-12-28,169.38999938964844,-0.05584975234342027,PepsiCo
PFE,2023-12-28,28.790000915527344,-0.4383534557504405,Pfizer
PCG,2023-12-28,18.06999969482422,0.15242342749569504,PG&E Corporation
PM,2023-12-28,94.08000183105467,-0.07127345511543737,Philip Morris International
PSX,2023-12-28,132.83999633789062,0.3148569528154075,Phillips 66
PNW,2023-12-28,71.839996337890625,-0.03738444349734404,Pinnacle West
PXD,2023-12-28,224.8500061035156,0.02088538526000283,Pioneer Natural Resources
PNC,2023-12-28,155.6300048828125,-0.0243856524916104,PNC Financial Services
POOL,2023-12-28,402.3900146484375,0.337599416977586,Pool Corporation
PPG,2023-12-28,150.3800048828125,0.1855882152677879,PPG Industries
PPL,2023-12-28,27.149999618530273,-0.0702055168098158,PPL Corporation
PFG,2023-12-28,79.25,-0.05395722602599062,Principal Financial Group
PG,2023-12-28,145.72999572753906,-0.03853012676965506,Procter & Gamble
PGR,2023-12-28,158.33999633789062,0.21668969633086732,Progressive Corporation
PLD,2023-12-28,135.19000244140625,0.1996627874038692,Prologis
PRU,2023-12-28,104.2300033569336,0.04774828950253473,Prudential Financial
PEG,2023-12-28,60.970001220703125,-0.01740528653725381,Public Service Enterprise Group
PTC,2023-12-28,175.9199981689453,0.47028830694077217,PTC
PSA,2023-12-28,307.79998779296875,0.12262016199315928,Public Storage
PHM,2023-12-28,103.48999786376952,1.240043206812818,PulteGroup
QRVO,2023-12-28,114.18000030517578,0.2809064515030182,Qorvo
PWR,2023-12-28,216.47000122070312,0.5395064382409713,Quanta Services
QCOM,2023-12-28,145.86000061035156,0.3606343727861767,Qualcomm
DGX,2023-12-28,137.66000366210938,-0.1162611549953798,Quest Diagnostics
RL,2023-12-28,145.6999969482422,0.3353496117057049,Ralph Lauren Corporation
RJF,2023-12-28,112.7300033569336,0.06238811335881023,Raymond James
RTX,2023-12-28,84.16999816894531,-0.16506298772576378,RTX Corporation
O,2023-12-28,58.58000183105469,-0.08181814213837224,Realty Income
REG,2023-12-28,67.6500015258789,0.07671493799705509,Regency Centers
REGN,2023-12-28,881.70001220703125,0.22378454073048704,Regeneron
RF,2023-12-28,19.549999237060547,-0.08942711400552728,Regions Financial Corporation
RSG,2023-12-28,164.30999755859375,0.2768884590519438,Republic Services
RMD,2023-12-28,173,-0.17268423559348411,ResMed
RVTY,2023-12-28,110.7699966430664,-0.21517644096581623,Revvity
RHI,2023-12-28,88.160003662109375,0.19798896656170673,Robert Half
ROK,2023-12-28,310.6199951171875,0.18820281218849264,Rockwell Automation
ROL,2023-12-28,43.77000045776367,0.19753765722058536,"Rollins, Inc."
ROP,2023-12-28,546.1500244140625,0.2570778326098937,Roper Technologies
ROST,2023-12-28,138.1999969482422,0.19312781458654849,Ross Stores
RCL,2023-12-28,129.97000122070312,1.668240682889559,Royal Caribbean Group
SPGI,2023-12-28,441.8399963378906,0.3182563434576322,S&P Global
CRM,2023-12-28,265.5799865722656,0.9704703144207218,Salesforce
SBAC,2023-12-28,254.25,-0.0975721984355381,SBA Communications
SLB,2023-12-28,52.2400016784668,0.01436896463042325,Schlumberger
STX,2023-12-28,86.79000091552734,0.6728989808920289,Seagate Technology
SRE,2023-12-28,74.66999816894531,-0.02843022695400299,Sempra Energy
NOW,2023-12-28,702.46002197265625,0.8222049856618838,ServiceNow
SHW,2023-12-28,312.8399963378906,0.30693070442991277,Sherwin-Williams
SPG,2023-12-28,144.27999877929688,0.2274970023437961,Simon Property Group
SWKS,2023-12-28,113.91999816894533,0.25878451015409176,Skyworks Solutions
SJM,2023-12-28,125.77999877929688,-0.20888109671330937,J.M. Smucker Company (The)
SNA,2023-12-28,289.94000244140625,0.2640160269834031,Snap-on
SO,2023-12-28,70.160003662109375,-0.02420024793940034,Southern Company
LUV,2023-12-28,29.3799991607666,-0.09877298969540228,Southwest Airlines
SWK,2023-12-28,99.0999984741211,0.3006955676413545,Stanley Black & Decker
SBUX,2023-12-28,95.93000030517578,-0.04859666207374547,Starbucks
STT,2023-12-28,78.41999816894531,2.5505921782165153e-4,State Street Corporation
STLD,2023-12-28,119.08000183105467,0.2512346760757991,Steel Dynamics
STE,2023-12-28,221.7400054931641,0.1948486006322392,Steris
SYK,2023-12-28,299.1199951171875,0.215786678865594,Stryker Corporation
SYF,2023-12-28,38.369998931884766,0.1846248735696947,Synchrony Financial
SNPS,2023-12-28,517.40997314453125,0.6185247278496009,Synopsys
SYY,2023-12-28,73.04000091552734,-0.03882085841785088,Sysco
TMUS,2023-12-28,158.9499969482422,0.1431962357847374,T-Mobile US
TROW,2023-12-28,109.01000213623048,-0.00128263296098296,T. Rowe Price
TTWO,2023-12-28,161.47000122070312,0.5659974809901476,Take-Two Interactive
TPR,2023-12-28,37.08000183105469,-0.04506824407616738,"Tapestry, Inc."
TRGP,2023-12-28,86.3499984741211,0.2222221742272903,Targa Resources
TGT,2023-12-28,142.5399932861328,-0.06056813220972268,Target Corporation
TEL,2023-12-28,141.07000732421875,0.23033318348686604,TE Connectivity
TDY,2023-12-28,444.2099914550781,0.10839135572081048,Teledyne Technologies
TFX,2023-12-28,249.77000427246097,-3.201994360629845e-4,Teleflex
TER,2023-12-28,110.44000244140624,0.285232189563418,Teradyne
TSLA,2023-12-28,253.17999267578125,1.342090622104791,"Tesla, Inc."
TXN,2023-12-28,171.72000122070312,0.05214137710168276,Texas Instruments
TXT,2023-12-28,80.75,0.1493025554344558,Textron
TMO,2023-12-28,532.94000244140625,-0.03658843505252662,Thermo Fisher Scientific
TJX,2023-12-28,93.23999786376952,0.18010372538660935,TJX Companies
TSCO,2023-12-28,215.8999938964844,-0.03261940594232704,Tractor Supply
TT,2023-12-28,243.80999755859375,0.42138401034035833,Trane Technologies
TDG,2023-12-28,1012.7899780273438,0.6184699592767349,TransDigm Group
TRV,2023-12-28,189.3300018310547,0.01181063900992041,Travelers Companies (The)
TRMB,2023-12-28,53.63999938964844,0.06007907128855194,Trimble Inc.
TFC,2023-12-28,37.290000915527344,-0.14531285806502436,Truist
TYL,2023-12-28,418.2900085449219,0.3098989325584718,Tyler Technologies
TSN,2023-12-28,53.66999816894531,-0.15613208401595025,Tyson Foods
USB,2023-12-28,43.630001068115234,-0.02262541073796276,U.S. Bank
UBER,2023-12-28,63.13999938964844,1.489747550079934,Uber
UDR,2023-12-28,38.77000045776367,0.00466442872412664,"UDR, Inc."
ULTA,2023-12-28,486.8399963378906,0.03224983842759843,Ulta Beauty
UNP,2023-12-28,246.02000427246097,0.18518162685388084,Union Pacific Corporation
UAL,2023-12-28,41.970001220703125,0.12792266200879232,United Airlines Holdings
UPS,2023-12-28,157.30999755859375,-0.10252168727665256,United Parcel Service
URI,2023-12-28,578.69000244140625,0.6222982711553313,United Rentals
UNH,2023-12-28,524.9000244140625,0.01207004779580756,UnitedHealth Group
UHS,2023-12-28,152.67999267578125,0.07061210309467425,Universal Health Services
VLO,2023-12-28,130.08999633789062,0.08372205386299103,Valero Energy
VTR,2023-12-28,50.95000076293945,0.1229888023456227,Ventas
VLTO,2023-12-28,83.04000091552734,0.06735215499006508,Veralto
VRSN,2023-12-28,206.27999877929688,0.02159271320269917,Verisign
VRSK,2023-12-28,237.61000061035156,0.33985567563465424,Verisk
VZ,2023-12-28,37.4900016784668,-0.06555327326611216,Verizon
VRTX,2023-12-28,409.2699890136719,0.43091393865520566,Vertex Pharmaceuticals
VFC,2023-12-28,19.059999465942383,-0.3129055651331717,VF Corporation
VTRS,2023-12-28,10.850000381469728,-0.04657291104053995,Viatris
VICI,2023-12-28,32.18000030517578,0.01354331669844977,Vici Properties
V,2023-12-28,260.3999938964844,0.255605355431048,Visa Inc.
VMC,2023-12-28,225.44000244140625,0.2801816844281506,Vulcan Materials Company
WRB,2023-12-28,70.41999816894531,-0.02976031424106662,Berkley
WAB,2023-12-28,126.95999908447266,0.2726543340596401,Wabtec
WBA,2023-12-28,26.600000381469727,-0.28475392945117695,Walgreens Boots Alliance
WMT,2023-12-28,157.57000732421875,0.09728412692846744,Walmart
DIS,2023-12-28,90.4000015258789,0.01607283674896731,Walt Disney
WBD,2023-12-28,11.6899995803833,0.22536683722508769,Warner Bros. Discovery
WM,2023-12-28,178.13999938964844,0.13443291584063077,Waste Management
WAT,2023-12-28,332.7699890136719,-0.03709600237295163,Waters Corporation
WEC,2023-12-28,84.05000305175781,-0.10737043561118607,WEC Energy Group
WFC,2023-12-28,49.47999954223633,0.18401527777549576,Wells Fargo
WELL,2023-12-28,91.160003662109375,0.3616132609025136,Welltower
WST,2023-12-28,354.92999267578125,0.5141418332444361,West Pharmaceutical Services
WDC,2023-12-28,52.93000030517578,0.6851321414296894,Western Digital
WRK,2023-12-28,42.119998931884766,0.18714767405067212,WestRock
WY,2023-12-28,35.099998474121094,0.13739461373656892,Weyerhaeuser
WHR,2023-12-28,123.04000091552734,-0.14395043085670567,Whirlpool Corporation
WMB,2023-12-28,34.93000030517578,0.0864696313329607,Williams Companies
WTW,2023-12-28,239.32000732421875,-0.02390074853828538,Willis Towers Watson
GWW,2023-12-28,827.0999755859375,0.4877772138268186,W. W. Grainger
WYNN,2023-12-28,91.76000213623048,0.0718374194840885,Wynn Resorts
XEL,2023-12-28,61.88999938964844,-0.11674040731842628,Xcel Energy
XYL,2023-12-28,114.31999969482422,0.03214154469061037,Xylem Inc.
YUM,2023-12-28,130.52000427246094,0.02804036872763071,Yum! Brands
ZBRA,2023-12-28,275.3500061035156,0.05822441654779831,Zebra Technologies
ZBH,2023-12-28,121.62999725341795,-0.04439033296720873,Zimmer Biomet
ZION,2023-12-28,44.65999984741211,-0.07841517352149774,Zions Bancorporation
ZTS,2023-12-28,197.16000366210935,0.3425944533031198,Zoetis
